key,name,ra,dec,d_helio,d_gc,rhalf,ellipticity,mv,mv_err,rhalf_err,distance_err,survey,in_census,dwarf_class,in_box
lmc,LMC,78.76,-69.19,49.59067275049043,49.0826645786839,2544.2603788514216,0.164,-18.077,0.1,28.651974532997656,0.5481075292892221,mc,True,D,True
smc,SMC,16.25,-72.42,62.8058358813318,60.26213088319387,1080.8485385541474,,-16.79,0.2,89.99503547614995,2.893338054995553,mc,True,D,True
sagittarius_1,Sagittarius,284.0951655,-30.5498868,26.30267991895381,18.599283931360223,1565.8046771905542,0.64,-13.500000000000002,0.3,129.63262207938612,1.818370077897108,gc,True,D,True
fornax_1,Fornax,39.9583,-34.4997,142.5607593602188,144.5881999015748,695.332994665809,0.29,-13.393,0.2,15.721055878291509,3.1515361192533646,des,True,D,True
leo_1,Leo I,152.1146,12.3059,258.22601906345955,262.02022283862243,229.09598177545007,0.3,-11.82,0.28,18.64888722730496,9.515550326831772,ps1,True,D,True
sculptor_1,Sculptor,15.0183,-33.7186,83.94599865193982,84.04448493739005,223.23085751542965,0.33,-10.77,0.14,4.600196846153722,1.5464298935840546,des,True,D,True
antlia_2,Antlia II,143.8079,-36.6991,124.16523075924091,125.1488197212054,2379.319821386668,0.6,-9.73,0.08,247.86302400257773,5.147691671130623,gc,False,D,True
leo_2,Leo II,168.3627,22.1529,233.34580622810043,235.87629515326324,164.9465807259562,0.07,-9.72,0.04,10.233783545212065,13.978109242422931,delve,True,D,True
carina_1,Carina,100.4065,-50.9593,105.58445924300804,107.17678426138208,248.11686753386087,0.36,-9.429999999999998,0.05,13.207004459579508,5.399552659536759,delve,True,D,True
draco_1,Draco,260.0684,57.9185,81.54550000611157,81.52739842916696,193.2220759612257,0.29,-8.866999999999999,0.05,4.224666387859784,1.5022085736280104,ps1,True,D,True
ursa_minor_1,Ursa Minor,227.242,67.2221,70.14552984199713,72.07862010876251,250.4092162837465,0.55,-8.860000000000001,0.05,13.282052284630964,3.5548730457739808,ps1,True,D,True
canes_venatici_1,Canes Venatici I,202.0091,33.5521,210.86281499332887,210.63110836093347,326.43830673367563,0.44,-8.73,0.06,15.794917778459393,5.827096299706483,ps1,True,D,True
sextans_1,Sextans,153.268,-1.62,85.90135215053961,88.91328835520501,485.88521947537015,0.27,-8.720000000000002,0.06,28.765122450599563,3.957301860010944,delve,True,D,True
crater_2,Crater II,177.31,-18.413,116.5735440441268,115.50381326711188,1054.211326577475,,-8.182999999999998,0.1,90.93836804990798,3.758537948888531,delve,True,D,True
eridanus_2,Eridanus II,56.0925,-43.5329,369.8281797802659,371.6548480617636,178.94737299613195,0.48,-7.119999999999999,0.3,12.190959992091166,8.5163610387402,des,True,D,False
bootes_1,Bootes I,210.02,14.5135,66.37430704019089,64.00424304693458,160.8605354939023,0.3,-6.02,0.25,8.159037034803475,2.445873043081331,delve,True,D,True
hercules_1,Hercules,247.7722,12.7852,130.61708881318404,125.05221555014646,118.55219968459514,0.69,-5.806999999999999,0.17,12.407277297782102,6.017265567645445,ps1,True,D,True
bootes_3,Bootes III,209.3,26.8,46.55860935229591,45.58291438194171,447.9018957608454,0.33,-5.74,0.5,52.44432034295963,0.4288267022417997,ps1,False,D,True
centaurus_1,Centaurus I,189.5908,-40.9043,117.70637907805695,114.13375404922058,70.97392206926465,0.36,-5.353999999999999,0.19,8.877395537727189,3.7950625608814894,delve,True,D,True
bootes_4,Bootes IV,233.689,43.726,208.9296130854041,207.47691792332927,274.06641835195296,0.64,-5.34,0.2299999999999999,43.24942263135517,19.27034674022632,ps1,False,PD,True
canes_venatici_2,Canes Venatici II,194.2927,34.3226,159.9558028614668,160.57350129753075,54.038420810506864,0.4,-5.17,0.32,10.495238971602266,4.420304580492683,ps1,True,D,True
ursa_major_1,Ursa Major I,158.7706,51.9479,97.27472237769662,101.92439230390708,150.13832047403736,0.59,-5.140000000000001,0.38,12.362500279099647,5.827045781969851,ps1,True,D,True
hydra_2,Hydra II,185.4286,-31.9728,151.35612484362073,148.52094110303622,56.72928303864914,0.24,-5.099999999999998,0.165,12.208712542674917,7.670507439766311,delve,True,D,True
leo_4,Leo IV,173.2405,-0.5453,151.35612484362073,151.92794354731902,101.11062666584104,0.17,-4.949999999999999,0.26,12.150556158768175,4.182656458617615,delve,True,D,True
hydrus_1,Hydrus I,37.389,-79.3089,27.54228703338164,25.68023141421986,52.42136286715979,0.21,-4.709999999999999,0.08,5.444145212467952,0.5073763692143203,delve,True,D,True
carina_2,Carina II,114.1066,-57.9991,37.39383436431516,38.26816010502221,76.51535277741172,0.34,-4.574000000000002,0.1,7.706385952985393,0.3960788394509684,delve,True,D,True
ursa_major_2,Ursa Major II,132.8726,63.1335,34.673685045253166,40.80147362541072,92.06393383539648,0.56,-4.42,0.26,7.22153376715152,2.0770570735097635,ps1,True,D,True
leo_5,Leo V,172.7857,2.2194,169.04409316432634,169.83791225276684,35.20398090334638,0.43,-4.400000000000002,0.36,13.695811198401197,4.671455276722185,delve,True,D,True
aquarius_2,Aquarius II,338.4813,-9.3274,107.64652136298348,105.12796229266009,123.6910459513404,0.39,-4.359999999999999,0.14,21.756626358428413,3.4707148944144204,delve,True,D,True
coma_berenices_1,Coma Berenices,186.7454,23.9069,42.26686142656025,43.45660826522546,54.94140322274969,0.37,-4.289999999999999,0.25,4.156995595325171,1.5575209985436054,delve,True,D,True
pisces_2,Pisces II,344.6364583,5.9555444,182.8100216142741,181.95424342879667,56.3117041544501,0.37,-4.279999999999998,0.175,5.641133098985627,14.326435423429928,ps1,False,D,True
pegasus_4,Pegasus IV,328.539,26.62,89.94975815300347,89.10307759396059,41.63193157751107,,-4.25,0.2,7.027316702549513,1.2427413658974942,ps1,False,D,True
columba_1,Columba I,82.85696,-28.04253,182.8100216142741,187.3481818010009,97.3422271655489,0.3,-4.199999999999999,0.2,12.3181730712827,9.26454500803908,des,True,D,True
pegasus_3,Pegasus III,336.1074167,5.4150472,214.7830474130533,212.8439462275805,82.11598575435423,0.37,-4.170000000000002,0.205,13.515599368095508,11.875392047380004,ps1,False,D,True
grus_1,Grus I,344.166,-50.168,126.47363474711524,122.69506466023478,113.4227968338478,0.44,-4.130000000000003,0.3,20.38990029189741,5.826385004394361,des,True,D,True
sextans_2,Sextans II,156.437,-0.631,125.8925411794166,128.51125230904168,114.79120926992364,0.43,-3.91,0.365,19.06612606198516,11.61153215529999,delve,True,PD,True
tucana_2,Tucana II,342.9796,-58.5689,56.23413251903491,52.48177033218513,161.66930817387026,0.39,-3.75,0.1,34.646405177282155,5.186680893505873,des,True,D,True
leo_6,Leo VI,171.077,24.874,111.1731727281592,113.69304630304198,86.83497858762573,0.54,-3.5599999999999987,0.42,35.719073457693895,4.809587383683024,delve,False,D,True
eridanus_4,Eridanus IV,76.4246,-9.5189,69.82324040771705,76.25373125466044,56.179486146022334,0.26,-3.549999999999999,0.24,9.37888768355462,3.5385398877602725,delve,True,D,True
grus_2,Grus II,331.025,-46.442,55.20774392807573,50.6716462820894,94.36405313184532,,-3.5,0.3,9.071035986482414,2.543309299144827,des,True,D,True
cetus_3,Cetus III,31.331,-4.27,251.1886431509582,255.0557687367817,42.65451137332207,0.76,-3.45,0.4599999999999999,13.17082504888504,23.168052528519425,des,False,PD,True
horologium_1,Horologium I,43.8755,-54.1174,79.43282347242821,79.73376213493069,31.666456029712947,0.27,-3.379999999999999,0.075,3.119567023254346,3.659309803674361,des,True,D,True
reticulum_3,Reticulum III,56.36,-60.45,91.62204901219992,91.5980146065708,62.114218763590415,,-3.299999999999997,0.29,24.096997740947742,13.124463724468711,des,True,D,True
bootes_5,Bootes V,213.909,32.914,101.8591388054117,100.6785656381115,19.926645585223465,0.2,-3.2,0.3,2.684295394421952,7.041777139623697,ps1,False,PD,True
pictor_1,Pictor I,70.9475,-50.28305556,114.8153621496884,116.44599612089551,32.00334328964738,0.44,-3.1000000000000014,0.3,4.59874966001348,5.289311923711402,des,True,PD,True
reticulum_2,Reticulum II,53.9203,-54.0513,31.6227766016838,32.9755453555664,36.460067572662936,0.6,-3.1,0.1,5.43544709953259,1.4567974721195096,des,True,D,True
tucana_4,Tucana IV,0.717,-60.83,46.98941086052151,44.45198108567713,98.11168549128324,0.39,-3.0,0.35,16.18160092017714,3.8995584470198814,des,True,D,True
bootes_2,Bootes II,209.5141,12.8553,41.68693834703355,39.51031738715197,32.9991921117261,0.25,-2.9400000000000013,0.25,5.025048017328544,1.1519992474527427,delve,True,D,True
virgo_3,Virgo III,186.348,4.441,151.35612484362073,150.65306136417195,35.86413604802854,0.29,-2.6899999999999977,0.505,8.994349099479873,13.960132141733794,delve,False,PD,True
pictor_2,Pictor II,101.18,-59.897,44.874539,46.47156787842776,31.85552,0.13,-2.65,0.45,15.317837760248086,2.823964161908972,delve,True,PD,True
phoenix_2,Phoenix II,354.9919,-54.4019,83.17637711026708,80.22312936776942,26.868369904310025,0.44,-2.6000000000000014,0.11,4.433750044938291,7.671663216336228,des,True,D,True
willman_1,Willman 1,162.3436,51.0501,38.01893963205613,42.735682190274176,19.975229303334125,0.47,-2.53,0.74,4.3175017432095375,7.043021179901816,ps1,True,D,True
aquarius_3,Aquarius III,357.218,-3.489,85.50667128846841,85.75356317536615,36.27798020956331,0.47,-2.5,0.4,13.243130536648472,4.3333532682967615,delve,True,D,True
leo_minor_1,Leo Minor I,164.261,28.875,81.65823713585922,85.19274192108325,25.506327706684267,,-2.3999999999999986,0.45,8.642942695188404,5.542201049712034,delve,False,PD,True
carina_3,Carina III,114.6298,-57.8997,27.797132677592884,28.95863322348667,19.507250501438705,0.55,-2.3999999999999986,0.2,6.858079101445044,1.280557780455359,delve,True,D,True
delve_2,DELVE 2,28.772,-68.253,71.12135136533296,69.32219558724448,20.463810925794228,0.03,-2.1000000000000014,0.45,3.5682336255678084,3.2764170644402952,delve,False,A,True
horologium_2,Horologium II,49.131,-50.009,77.98301105232593,79.02335924943787,33.33394389052437,0.23,-2.0700000000000003,0.1,4.962175701995099,7.192659961567728,des,True,PD,True
segue_2,Segue 2,34.8226,20.1624,36.475394692560734,42.39929554491221,35.02259487232524,0.22,-1.9499999999999995,0.88,3.8596402948994513,2.431847764663978,delve,True,D,True
virgo_2,Virgo II,225.059,5.909,72.44359600749905,67.84992134648982,15.401388923940168,,-1.6000000000000014,0.5,2.976984300520944,7.352094466020148,delve,False,PD,True
tucana_3,Tucana III,359.1075,-59.58332,22.90867652767775,21.05422139152669,30.00231617919434,0.2,-1.3000000000000007,0.2,7.350687136757557,1.0553564753497169,des,True,PD,True
segue_1,Segue 1,151.7504,16.0756,22.90867652767775,27.76998577127874,19.51517092806965,0.33,-1.3000000000000007,0.73,3.260176238631651,2.1129515032777064,delve,True,D,True
triangulum_2,Triangulum II,33.3155,36.1691,28.44461107447914,34.68499328477102,17.168346876016106,0.3,-1.299999999999999,0.24,2.5452208209433147,1.4415313624967148,ps1,True,D,True
tucana_5,Tucana V,354.347,-63.266,54.954087385762485,51.84167561612603,22.8034752646662,0.51,-1.099999999999998,0.55,6.793794927602969,5.322819364695096,des,True,D,True
virgo_1,Virgo I,180.038,-0.681,91.20108393559096,91.06557399369518,28.868903241052003,0.59,-0.9000000000000021,0.685,9.292542675089834,8.411811444866458,delve,False,PD,True
draco_2,Draco II,238.1983333,64.56527778,21.57744409152669,23.84542566256236,16.100178159934142,0.23,-0.8000000000000025,0.7,3.562874879953028,0.4968829154280616,ps1,True,PD,True
cetus_2,Cetus II,19.47,-17.42,29.92264636608189,32.40272969033092,16.217100485360696,,0.0,0.68,6.618880509756189,2.621520748977394,des,True,PD,True
