name,host,ra,dec,r_proj,mv,e_mv,logmstar,e_logmstar,mu0_v,r_e,is_etg,confirmed,psat,from_local_group,mu_eff
M33,M31,23.4583,30.6603,205.8,-18.84,0.1,9.51,0.22,25.46,,False,True,1,True,
NGC205,M31,10.0917,41.6853,8.3,-16.48,0.1,8.78,0.22,19.2,589.7,True,True,1,True,20.9407
M32,M31,10.6708,40.8653,5.5,-16.43,0.1,8.76,0.22,11.1,110.1,True,True,1,True,17.3465
NGC147,M31,8.3,48.5089,101.8,-14.65,0.1,8.01,0.22,21.2,623.4,True,True,1,True,22.8914
IC10,M31,5.0708,59.3039,259,-15,0.2,7.83,0.22,24.6,612.3,False,True,1,True,22.5024
NGC185,M31,9.7417,48.3375,97.1,-14.75,0.1,8.05,0.22,20.8,457.4,True,True,1,True,22.1191
andVII,M31,351.629,50.6758,226.1,-13.21,0.3,7.39,0.22,23.2,775.9,True,True,1,True,24.8066
andXXXII,M31,8.9975,51.5597,142.5,-12.25,0.7,6.98,0.22,26.4,1467.7,True,True,1,True,27.1508
andII,M31,19.1242,33.4192,142,-12.57,0.2,7.12,0.22,24.5,1175.2,True,True,1,True,26.3481
andI,M31,11.4158,38.0411,44.7,-11.86,0.1,6.81,0.22,24.7,671.6,True,True,1,True,25.8431
andXXXI,M31,344.568,41.2911,277,-11.7,0.7,6.74,0.22,25.8,926.8,True,True,1,True,26.7025
andIII,M31,8.8908,36.4978,67.8,-10.17,0.3,6.08,0.22,24.8,478.8,True,True,1,True,26.7983
andXXIII,M31,22.3408,38.7189,127.4,-10.23,0.5,6.11,0.22,28,1029.2,True,True,1,True,28.4001
andVI,M31,357.943,24.5825,280.3,-11.47,0.2,6.64,0.22,24.1,524.1,True,True,1,True,25.6946
andXXI,M31,358.699,42.4708,123.5,-9.79,0.6,5.92,0.22,27,842.9,True,True,1,True,28.4065
andXXV,M31,7.5371,46.8519,82.3,-9.75,0.5,5.9,0.22,27.1,709.3,True,True,1,True,28.0717
LGS3,M31,15.9792,21.885,282.2,-10.13,0.1,5.57,0.22,24.8,469.8,False,True,1,True,26.7971
andXV,M31,18.5779,38.1175,93.6,-9.38,0.3,5.74,0.22,24.8,220,True,True,1,True,25.8997
andV,M31,17.5713,47.6281,110.1,-9.54,0.2,5.81,0.22,25.3,314.7,True,True,1,True,26.5171
andXVIII,M31,0.5604,45.0889,113.8,-9.42,,5.75,0.22,25.6,324.7,True,True,1,True,26.705
NGC247,NGC253,11.7834,-20.757,282.2,-18.6,0.09,9.41,0.13,21.27,4278.3,False,True,1,False,23.1239
dw0047m2623,NGC253,11.8939,-26.3898,68.5,-9.19,0.11,5.77,0.14,26.59,453.9,True,True,1,False,27.6624
dw0049m2100,NGC253,12.4537,-21.0167,267.9,-12.79,0.09,6.62,0.13,23.2,627.1,False,True,1,False,24.7643
dw0050m2444,NGC253,12.5749,-24.7367,51.7,-9.7,0.1,5.53,0.13,27.91,1539.2,True,True,1,False,29.8041
dw0055m2309,NGC253,13.7538,-23.1688,169,-10.47,0.1,5.95,0.13,23.75,279.1,False,True,1,False,25.3264
dw0036m2828,NGC253,9.1273,-28.4701,250.4,-9.21,0.11,5.23,0.13,24.39,311.7,False,False,0.05,False,26.8263
dw0132p1422,NGC628,23.2486,14.3736,284.7,-14.02,0.09,7.14,0.13,22.02,715.4,False,True,1,False,23.8203
dw0133p1543,NGC628,23.4842,15.7314,113.5,-10.34,0.14,6.22,0.15,23.93,214.4,True,True,1,False,24.8837
dw0134p1544,NGC628,23.5537,15.7463,102,-12.68,0.1,7.07,0.13,24,1078.1,True,True,1,False,26.0509
dw0134p1438,NGC628,23.6741,14.6444,210.9,-13.01,0.09,6.74,0.13,21.73,497.9,False,True,1,False,24.0433
dw0136p1628,NGC628,24.0842,16.4701,118,-12.52,0.1,7.1,0.13,22.5,336.7,True,True,1,False,23.6838
dw0137p1537,NGC628,24.3236,15.6329,35.5,-12.45,0.1,7.18,0.13,22.59,380.2,True,True,1,False,24.0176
dw0137p1607,NGC628,24.4156,16.132,71.5,-10.12,0.15,6.24,0.16,25.96,489.2,True,True,1,False,26.895
dw0138p1458,NGC628,24.5024,14.9825,146.9,-13.19,0.09,7.06,0.13,22.42,349.5,False,True,1,False,23.0948
UGC1171,NGC628,24.9366,15.8993,126.7,-14.4,0.09,7.38,0.13,22.36,840.5,False,True,1,False,23.7903
dw0139p1433,NGC628,24.9611,14.5563,246.2,-12.24,0.1,6.59,0.13,22.25,258.9,False,True,1,False,23.3932
dw0140p1556,NGC628,25.0395,15.9394,144.5,-11.41,0.11,6.05,0.13,24.03,449.5,False,True,1,False,25.4212
UGC1176,NGC628,25.043,15.9054,144.1,-15.93,0.09,8.18,0.13,23.44,2350.7,False,True,1,False,24.4936
dw0143p1541,NGC628,25.9012,15.6937,284,-14.44,0.09,7.62,0.13,24.46,1437.6,False,True,1,False,24.9158
dw0141p1651,NGC628,25.4173,16.8721,275.5,-12.08,0.1,6.77,0.13,23.06,473.4,False,False,0.3,False,24.8637
dw0221p4221,NGC891,35.301,42.364,39.9,-12.8,0.1,7.11,0.13,22.58,513,True,True,1,False,24.3182
UGC1807,NGC891,35.3058,42.7629,76.6,-16.14,0.09,8.2,0.12,21.48,1617.4,False,True,1,False,23.4717
dw0222p4242,NGC891,35.7298,42.7123,58.8,-12.89,0.1,6.96,0.13,24.5,1138.2,True,True,1,False,25.9587
dw0223p4314,NGC891,35.8921,43.2395,144.8,-10.67,0.12,6.11,0.14,23.44,193.6,True,False,0.15,False,24.3321
dw0224p4158,NGC891,36.0968,41.9747,80.4,-9.54,0.16,5.66,0.18,24.41,165.6,True,False,0.2,False,25.1229
dw0225p4153,NGC891,36.3192,41.8915,108.4,-9.51,0.17,5.65,0.18,24.78,175.3,True,False,0.45,False,25.2765
dw0226p4206,NGC891,36.669,42.1111,127.2,-9.6,0.16,5.68,0.17,24.01,150.3,True,False,0.1,False,24.8524
dw0235p3850,NGC1023,38.976,38.8362,164,-13.51,0.15,7.25,0.12,21.18,532.8,False,True,1,False,23.6904
IC239,NGC1023,39.1162,38.969,139.8,-19.1,,9.32,,,,False,True,1,False,
dw0237p3855,NGC1023,39.3276,38.9331,111.5,-15.12,0.1,8,0.11,21.39,926.2,False,True,1,False,23.2811
dw0237p3836,NGC1023,39.4144,38.6003,128.3,-12.13,0.17,6.74,0.12,23.85,547.9,True,True,1,False,25.1311
dw0239p3926,NGC1023,39.8325,39.4339,77.1,-12.11,0.14,6.72,0.12,26.17,1129.4,True,True,1,False,26.7218
dw0239p3903,NGC1023,39.8432,39.0554,36.2,-9.69,0.49,5.69,0.16,25.06,335.5,True,True,1,False,26.506
dw0239p3902,NGC1023,39.946,39.0473,21.9,-9.82,0.09,6.03,0.15,24.72,284.5,True,True,1,False,26.018
UGC2157,NGC1023,40.1044,38.563,90.8,-16.11,0.03,8.35,0.1,21.17,1519.9,False,True,1,False,23.3667
dw0240p3854,NGC1023,40.1374,38.9004,30,-13.47,0.03,7.01,0.1,21.09,318.8,False,True,1,False,22.6152
dw0240p3903,NGC1023,40.1544,39.0593,7.7,-15.48,0.09,8.21,0.12,21.97,2047.4,False,True,1,False,24.6436
dw0240p3922,NGC1023,40.1649,39.3792,58.1,-13.52,0.07,6.84,0.11,22.45,642.2,False,True,1,False,24.0859
dw0241p3904,NGC1023,40.2512,39.0727,21.4,-14.69,0.03,7.49,0.1,22.64,980.6,False,True,1,False,23.835
UGC2165,NGC1023,40.3145,38.7441,65.4,-16.38,0.04,8.72,0.12,21.05,1484.5,True,True,1,False,23.0455
dw0242p3838,NGC1023,40.6028,38.6352,105.3,-9.48,0.17,4.93,0.16,25.51,259.9,True,True,1,False,26.1616
dw0238p3805,NGC1023,39.6703,38.0849,187.8,-13.41,0.07,7.11,0.11,23.08,614.7,False,False,0.9,False,24.1009
dw0241p3829,NGC1023,40.4758,38.4983,115.5,-10.61,0.13,6.04,0.12,23.86,260.6,True,False,0.35,False,25.0374
dw0243p3915,NGC1023,40.979,39.2557,128.5,-11.26,0.14,6.52,0.13,22.36,255.7,True,False,0.05,False,24.3462
dw0309m4104,NGC1291,47.3549,-41.0826,235.7,-10.92,0.12,6.44,0.14,24.25,365,True,True,1,False,25.459
dw0309m4101,NGC1291,47.4093,-41.0312,229.5,-17.48,0.09,8.95,0.13,22.17,4122.2,False,True,1,False,24.1632
dw0310m4000,NGC1291,47.5432,-40.0035,277.2,-14.31,0.09,7.29,0.13,23,934.1,False,True,1,False,24.1095
dw0315m4040,NGC1291,48.7908,-40.6674,95,-12,0.1,6.91,0.13,24.88,763.2,True,True,1,False,25.9808
dw0317m4142,NGC1291,49.256,-41.7001,94.2,-13.21,0.09,7.42,0.12,23.48,696.7,True,True,1,False,24.5728
dw0317m4058,NGC1291,49.3725,-40.9728,22.2,-13.12,0.09,7.48,0.13,23.87,970.1,True,True,1,False,25.3817
dw0317m4141,NGC1291,49.4083,-41.6962,93.7,-12.92,0.1,7.13,0.13,24.61,1099,True,True,1,False,25.8526
dw0318m4101,NGC1291,49.6796,-41.024,44.1,-11.5,0.11,6.73,0.13,23.54,346.6,True,True,1,False,24.7667
dw0318m4211,NGC1291,49.6961,-42.1993,178.4,-9.75,0.16,5.94,0.17,25.52,334.5,True,True,1,False,26.4396
dw0319m4126,NGC1291,49.9305,-41.448,89.8,-12.67,0.1,7.22,0.13,25,833.6,True,True,1,False,25.5024
dw0320m4048,NGC1291,50.1412,-40.8048,108.6,-10.84,0.12,6.41,0.14,26.98,927.7,True,True,1,False,27.5646
dw0321m4159,NGC1291,50.3521,-41.9982,186.2,-13.77,0.09,7.37,0.13,23.65,784.6,False,True,1,False,24.2708
dw0323m4040,NGC1291,50.8173,-40.6777,191.1,-14.2,0.09,7.84,0.13,21.66,599.8,True,True,1,False,23.2576
dw0325m4113,NGC1291,51.4098,-41.2304,249.2,-12.17,0.1,6.94,0.13,25.47,1009.3,True,True,1,False,26.4177
dw0312m3955,NGC1291,48.038,-39.9179,244.4,-9.16,0.18,5.52,0.2,26.54,716.4,True,False,0.65,False,28.6834
dw0315m4112,NGC1291,48.9422,-41.2017,48.3,-10.11,0.14,6.21,0.16,26.82,941,True,False,0.55,False,28.3255
dw0316m4207,NGC1291,49.1818,-42.1284,162.6,-9.13,0.19,5.54,0.21,25.47,569.1,True,False,0.55,False,28.2135
dw0321m4149,NGC1291,50.4853,-41.8184,177.7,-9.6,0.16,5.5,0.17,26.11,504.9,False,False,0.65,False,27.4836
NGC1792,NGC1808,76.3077,-37.979,109.6,-19.75,0.09,10.13,0.13,19.71,2807.3,False,True,1,False,21.059
dw0506m3739,NGC1808,76.6002,-37.6499,47.5,-10.33,0.14,6.22,0.15,24.68,364.2,True,True,1,False,26.0443
dw0507m3629,NGC1808,76.7765,-36.4834,168,-11.41,0.11,6.57,0.13,24.18,463.4,True,True,1,False,25.4874
dw0507m3739,NGC1808,76.853,-37.6518,24.4,-12.32,0.1,7,0.13,24.4,723.3,True,True,1,False,25.5442
dw0507m3744,NGC1808,76.9674,-37.7385,37,-13.24,0.09,7.38,0.13,21.3,260.2,True,True,1,False,22.4041
dw0507m3800,NGC1808,76.9808,-38.0125,81.4,-12.19,0.1,6.92,0.13,22.89,367.6,False,True,1,False,24.2045
dw0508m3818,NGC1808,77.0318,-38.3098,130,-18.26,0.09,9.12,0.13,20.36,11800.3,False,True,1,False,25.667
dw0508m3617,NGC1808,77.1269,-36.2869,200.5,-10.68,0.13,6.31,0.14,23.94,381.5,True,True,1,False,25.795
dw0508m3808,NGC1808,77.1369,-38.1405,105.3,-13.35,0.09,7.45,0.13,21.7,410.1,True,True,1,False,23.282
NGC1827,NGC1808,77.5208,-36.9611,117.8,-17.4,0.09,8.95,0.13,20.34,1978.9,False,True,1,False,22.6497
dw0502m3845,NGC1808,75.6394,-38.7649,261.2,-10.73,0.12,5.82,0.14,24,274.5,False,False,0.45,False,25.0303
dw0506m3800,NGC1808,76.5346,-38.0103,95,-10.27,0.14,6.09,0.15,24.07,229.1,True,False,0.2,False,25.0977
dw0507m3733,NGC1808,76.8724,-37.5541,9.7,-9.07,0.2,5.83,0.23,26.6,337.3,True,False,0.65,False,27.1377
dw0510m3717,NGC1808,77.7102,-37.2859,107.5,-9.46,0.17,5.83,0.18,25.25,285.3,True,False,0.55,False,26.3841
dw0848p3226,NGC2683,132.166,32.4442,212.2,-10.27,0.14,6.42,0.16,26.75,747.4,True,True,1,False,27.6653
dw0852p3347,NGC2683,133.201,33.799,61.8,-13.69,0.09,7.22,0.13,25.62,2394.3,False,True,1,False,26.7735
dw0853p3318,NGC2683,133.362,33.3052,32.4,-11.69,0.11,6.48,0.13,23.54,499.7,False,True,1,False,25.3711
dw0855p3336,NGC2683,133.794,33.6155,90.7,-11.48,0.11,6.67,0.13,24.16,587.6,True,True,1,False,25.933
dw0855p3333,NGC2683,133.845,33.5572,94.8,-13.52,0.09,7.51,0.13,24.44,1004,True,True,1,False,25.0562
dw0856p3155,NGC2683,134.108,31.9172,278.9,-11.25,0.12,6.61,0.13,24.32,437.5,True,True,1,False,25.5225
dw0846p3300,NGC2683,131.559,32.9974,232.2,-11.9,0.11,6.98,0.13,26.71,1747.7,True,False,0.9,False,27.8799
dw0846p3348,NGC2683,131.63,33.8106,220,-11.75,0.11,6.75,0.14,25.57,910.2,True,False,0.95,False,26.6133
dw0852p3249,NGC2683,133.199,32.8288,97.6,-9.91,0.15,6.06,0.17,24.98,352.8,True,False,0.7,False,26.3952
dw0854p3314,NGC2683,133.585,33.2493,63.5,-11.13,0.12,6.65,0.14,25.45,598.4,True,False,0.9,False,26.3225
dw0929p2213,NGC2903,142.478,22.2181,139.5,-9.42,0.17,5.64,0.18,25.77,415.9,False,True,1,False,27.2425
dw0930p1959,NGC2903,142.554,19.9913,247.8,-13.34,0.09,7.13,0.13,23.61,556.5,False,True,1,False,23.9549
dw0930p2143,NGC2903,142.667,21.724,65.1,-10.95,0.09,5.98,0.11,23.3,270.5,False,True,1,False,24.7784
dw0932p1952,NGC2903,143.099,19.8754,255.5,-10.78,0.12,6.44,0.14,24.17,309,True,True,1,False,25.2374
UGC5086,NGC2903,143.203,21.4656,24.2,-14.37,0.08,7.88,0.13,22.38,728.9,True,True,1,False,23.5109
dw0933p2030,NGC2903,143.307,20.5152,159.6,-12.65,0.1,6.99,0.13,22.53,443.9,True,True,1,False,24.154
dw0936p2135,NGC2903,144.089,21.5993,153.8,-12.19,0.1,6.78,0.13,22.74,341.4,False,True,1,False,24.0439
M82,M81,148.968,69.6797,38.8,-19.75,,10.35,,,,False,True,1,False,
NGC3077,M81,150.83,68.7339,48.7,-17.98,0.09,9.27,0.13,16.47,1144.8,False,True,1,False,20.8812
NGC2976,M81,146.815,67.9164,86.8,-17.79,0.09,9.3,0.13,19.87,1266.2,False,True,1,False,21.2901
IC2574,M81,157.141,68.4328,192.7,-16.88,0.09,8.54,0.13,22.72,3286.6,False,True,1,False,24.2713
ddo82,M81,157.652,70.6183,214,-15.22,0.09,8.21,0.13,21.62,1055.6,False,True,1,False,23.4651
kdg61,M81,149.261,68.5917,31,-13.22,0.09,7.51,0.13,23.74,1001.5,True,True,1,False,25.3508
BK5N,M81,151.168,68.2556,73,-11.26,0.09,6.65,0.13,24.73,456.6,True,True,1,False,25.6053
IKN,M81,152.025,68.3992,83.1,-14.03,0.09,7.67,0.12,23.69,1144.9,True,True,1,False,24.8314
FM1,M81,146.292,68.765,61.8,-12.28,0.09,7.17,0.13,24.49,749.4,True,True,1,False,25.6611
kdg64,M81,151.758,67.8275,102.4,-13.4,0.09,7.6,0.13,23.15,956.5,True,True,1,False,25.071
f8d1,M81,146.196,67.4386,120.2,-11.68,0.09,6.73,0.13,26.22,1019.7,True,True,1,False,26.9299
d1014p68,M81,153.732,68.7575,111.5,-9.1,0.11,5.61,0.22,27.29,344.8,True,True,1,False,27.1554
KK77,M81,147.542,67.5067,103.1,-13.06,0.09,7.63,0.13,24.25,954.2,True,True,1,False,25.4058
kdg63,M81,151.28,66.555,168.2,-13.17,0.09,7.51,0.13,23.72,716.2,True,True,1,False,24.6727
d0958p66,M81,149.702,66.8497,141,-12.59,0.09,6.87,0.13,21.56,228.8,False,True,1,False,22.7749
ddo78,M81,156.616,67.6567,200.3,-14.28,0.09,7.89,0.12,24.26,1395.9,True,True,1,False,25.0118
d1028p70,M81,157.165,70.2336,195.7,-12.46,0.09,6.74,0.13,21.74,303,False,True,1,False,23.5148
d0955p70,M81,148.807,70.4081,84.6,-9.6,0.1,5.83,0.22,26.46,325.5,True,True,1,False,26.5303
d1041p70,M81,160.32,70.1508,260.1,-9.1,0.11,5.61,0.22,26.16,190.8,True,True,1,False,25.8705
HS117,M81,155.355,71.1161,189.6,-11.67,0.09,6.82,0.13,24.37,558.7,True,True,1,False,25.6335
d0944p71,M81,146.143,71.4825,163.2,-12.25,0.09,7.17,0.13,23.49,399.8,True,True,1,False,24.3268
d0926p70,M81,141.616,70.5067,182.5,-9.6,0.1,5.83,0.22,25.73,250.3,False,True,1,False,25.9599
HO1,M81,145.135,71.1864,156,-14.53,0.09,7.56,0.12,24.08,1470.3,False,True,1,False,24.8746
d0934p70,M81,143.515,70.2158,138.3,-10.44,0.1,6.03,0.13,25.58,489.2,True,True,1,False,26.575
dw1000m0741,NGC3115,150.004,-7.6875,230.2,-12.93,0.1,7.3,0.13,23.53,611.5,True,True,1,False,24.5696
dw1000m0821,NGC3115,150.044,-8.3574,250.3,-14.51,0.09,7.91,0.13,21.87,957.7,True,True,1,False,23.9637
dw1000m0831,NGC3115,150.229,-8.5305,238.9,-10.05,0.15,6.06,0.17,25.02,418.8,True,True,1,False,26.6276
dw1001m0631,NGC3115,150.39,-6.5249,267.4,-14.54,0.09,7.55,0.13,22.72,911.4,False,True,1,False,23.8261
dw1001m0814,NGC3115,150.409,-8.2487,184.5,-15.46,0.09,8.03,0.13,21.72,1422.4,False,True,1,False,23.8727
dw1002m0818,NGC3115,150.504,-8.31,176.5,-10.3,0.15,6.24,0.16,24.11,271.3,True,True,1,False,25.4348
dw1002m0642,NGC3115,150.657,-6.7083,213.5,-9.31,0.19,5.65,0.21,25.98,324.4,True,True,1,False,26.813
dw1004m0737,NGC3115,150.995,-7.6409,57,-11.42,0.11,6.57,0.14,25.92,979.4,True,True,1,False,27.1024
dw1004m0657,NGC3115,151.157,-6.9585,137.9,-11.28,0.13,6.63,0.14,25.63,713.9,True,True,1,False,26.5558
dw1005m0744,NGC3115,151.396,-7.7498,16.5,-14.67,0.09,8.02,0.13,23.04,1150,True,True,1,False,24.2011
dw1005m0758,NGC3115,151.423,-7.9817,51,-17.42,0.09,9.28,0.13,20.55,1488.3,True,True,1,False,22.011
dw1006m0730,NGC3115,151.553,-7.5001,58.1,-11.97,0.11,6.96,0.13,23.45,396.8,True,True,1,False,24.5904
dw1006m0732,NGC3115,151.611,-7.549,61.4,-11.19,0.12,6.53,0.14,24.7,436.6,True,True,1,False,25.578
dw1006m0730-n2,NGC3115,151.64,-7.5096,69.5,-10.87,0.12,6.42,0.14,24.79,545.8,True,True,1,False,26.3827
dw1007m0835,NGC3115,151.814,-8.5859,178.3,-9.31,0.2,5.94,0.22,25.01,247.5,True,True,1,False,26.2255
dw1007m0715,NGC3115,151.834,-7.2632,123.3,-13,0.1,7.25,0.13,23.41,722.5,True,True,1,False,24.8618
dw1007m0830,NGC3115,151.946,-8.5042,179.5,-10.43,0.14,6.12,0.15,24.54,393.1,True,True,1,False,26.1101
dw1006m0630,NGC3115,151.563,-6.5057,220.6,-9.02,0.21,5.56,0.23,25.84,208.8,True,False,0.65,False,26.1462
dw1006m0827,NGC3115,151.649,-8.4648,145.8,-10.16,0.15,6.08,0.16,25.3,380.2,True,False,0.65,False,26.3076
dw1042p2415,NGC3344,160.592,24.2505,123.6,-13.02,0.1,7.23,0.13,23.78,697.5,True,True,1,False,24.7653
dw1042p2501,NGC3344,160.681,25.025,35.4,-9.43,0.18,5.68,0.19,25.66,364.4,True,True,1,False,26.9455
dw1045p2427,NGC3344,161.379,24.4657,110.4,-10.45,0.14,6.16,0.15,25.12,437.2,True,True,1,False,26.321
dw1038p2501,NGC3344,159.543,25.0283,208.5,-10.01,0.15,5.9,0.16,23.99,168.4,True,False,0.15,False,24.6893
dw1044p2559,NGC3344,161.12,25.9934,187.3,-11.51,0.11,6.53,0.13,21.54,230.2,False,False,0.15,False,23.8681
dw1044p2610,NGC3344,161.121,26.1782,218.5,-9.96,0.16,6.23,0.17,25.04,422.1,True,False,0.75,False,26.7347
dw1045p2606,NGC3344,161.276,26.1048,211.7,-10.13,0.15,6.03,0.16,23.79,205.9,True,False,0.2,False,25.0059
dw1039p1238,NGC3379,159.929,12.6348,369.8,-13.93,0.09,7.56,0.13,21.22,610,False,True,1,False,23.5642
UGC5812,NGC3379,160.236,12.4728,314.5,-15.4,0.09,8.03,0.12,21.72,1458,False,True,1,False,23.9864
dw1042p1220,NGC3379,160.501,12.3351,269.4,-15,0.09,7.88,0.13,21.1,1063.1,False,True,1,False,23.7004
dw1042p1208,NGC3379,160.643,12.1509,252.8,-13.51,0.09,7.59,0.13,24.68,1247.9,True,True,1,False,25.5385
dw1042p1359,NGC3379,160.689,13.9905,349.9,-9.65,0.18,5.9,0.19,24.77,276.5,True,True,1,False,26.1261
dw1043p1410,NGC3379,160.795,14.1799,365.7,-10.55,0.14,6.01,0.15,24.77,321.1,True,True,1,False,25.5508
dw1043p1415,NGC3379,160.957,14.2554,361.6,-10.73,0.14,6.47,0.15,24.36,402.9,True,True,1,False,25.8636
M95,NGC3379,160.99,11.7037,240.9,-20.49,,10.42,,,,False,True,1,False,
dw1044p1359,NGC3379,161.107,13.9988,306.4,-9.93,0.17,6.07,0.18,25.13,331.3,True,True,1,False,26.2387
dw1044p1356,NGC3379,161.147,13.9396,293.3,-14.42,0.09,7.79,0.13,21.85,696.6,True,True,1,False,23.3625
dw1044p1351,NGC3379,161.159,13.8591,279.3,-10.97,0.13,6.4,0.14,24.64,351,True,True,1,False,25.3241
dw1044p1351b,NGC3379,161.16,13.8557,278.6,-10.66,0.13,6.21,0.15,25.21,384.1,True,True,1,False,25.8298
dw1044p1154,NGC3379,161.239,11.9162,180.5,-12.95,0.1,6.86,0.13,22.57,565.8,False,True,1,False,24.3809
dw1046p1257,NGC3379,161.559,12.9606,101.3,-11.94,0.11,6.92,0.13,24.31,478.8,True,True,1,False,25.0283
dw1046p1401,NGC3379,161.603,14.0242,277,-13.44,0.09,7.52,0.13,23.97,834,True,True,1,False,24.7334
dw1046p1145,NGC3379,161.626,11.7557,165.6,-12.57,0.1,7.23,0.13,24.29,676.1,True,True,1,False,25.1476
dw1046p1219,NGC3379,161.672,12.327,70.4,-13.92,0.09,7.78,0.13,22.83,799.1,True,True,1,False,24.1606
M96,NGC3379,161.691,11.8199,150.3,-20.96,,10.59,,,,False,True,1,False,
dw1046p1244,NGC3379,161.72,12.7421,52.4,-12.53,0.1,6.88,0.13,25.1,1616.1,False,True,1,False,27.0799
dw1046p1247,NGC3379,161.727,12.7886,56.9,-12.12,0.11,7.05,0.13,23.86,504.6,True,True,1,False,24.9623
dw1046p1259,NGC3379,161.739,12.9984,87.3,-13.42,0.09,7.53,0.13,24.51,1145.5,True,True,1,False,25.4426
dw1047p1257,NGC3379,161.752,12.9604,79.9,-11.75,0.11,6.91,0.13,24.2,445.3,True,True,1,False,25.0608
dw1047p1153,NGC3379,161.775,11.8779,135.6,-9.48,0.19,5.85,0.2,26.5,396.6,True,True,1,False,27.0793
dw1047p1248,NGC3379,161.805,12.8022,49.6,-11.71,0.11,6.53,0.13,25.48,823.8,True,True,1,False,26.4367
dw1047p1202,NGC3379,161.919,12.0487,99.8,-10.91,0.13,6.45,0.15,25.65,578.2,True,True,1,False,26.468
dw1047p1258,NGC3379,161.925,12.9754,73.8,-10.95,0.12,6.63,0.15,25.44,438.9,True,True,1,False,25.8294
NGC3377,NGC3379,161.926,13.9858,262.3,-19.86,,10.1,,,,True,True,1,False,
dw1048p1158,NGC3379,162.055,11.9684,115.9,-11.14,0.12,6.61,0.14,24.66,497.7,True,True,1,False,25.9124
NGC3384,NGC3379,162.071,12.6292,22.6,-20.3,,10.41,,,,True,True,1,False,
dw1048p1154,NGC3379,162.104,11.9123,127.9,-11.1,0.16,6.45,0.14,23.51,1284,True,True,1,False,28.0104
dw1048p1303,NGC3379,162.149,13.0598,95.9,-10.94,0.12,6.2,0.14,25.94,579.2,True,True,1,False,26.4417
dw1048p1259,NGC3379,162.217,12.9954,90.7,-10.64,0.14,6.41,0.15,26.69,694.1,True,True,1,False,27.1347
dw1048p1407,NGC3379,162.224,14.1245,292.3,-15.23,0.09,8.29,0.13,20.86,674.2,True,True,1,False,22.4815
dw1049p1247,NGC3379,162.298,12.7925,73.6,-10.87,0.13,6.17,0.15,24.52,436.9,True,True,1,False,25.8995
dw1049p1233,NGC3379,162.358,12.5525,73.4,-11.42,0.12,6.75,0.14,25.21,586.1,True,True,1,False,25.9874
UGC5944,NGC3379,162.579,13.2719,171.6,-15.56,0.09,8.39,0.12,21.71,1126.8,True,True,1,False,23.2668
dw1050p1213,NGC3379,162.6,12.2182,135.6,-9.53,0.19,5.77,0.2,24.85,257.8,True,True,1,False,26.094
dw1050p1221,NGC3379,162.613,12.3598,126.7,-13.64,0.09,7.63,0.13,24.64,1509.8,True,True,1,False,25.8222
dw1050p1236,NGC3379,162.649,12.6093,126.2,-10.21,0.15,6.02,0.16,24.59,552.3,True,True,1,False,27.0685
NGC3412,NGC3379,162.722,13.4121,208.5,-19.68,,10.05,,,,True,True,1,False,
dw1051p1320,NGC3379,162.756,13.3336,202.3,-14.23,0.09,7.87,0.13,22.61,983.4,True,True,1,False,24.3012
dw1051p1250,NGC3379,162.838,12.849,168.1,-14.31,0.09,7.86,0.13,22.41,863.3,True,True,1,False,23.9384
dw1051p1406,NGC3379,162.881,14.1149,332,-12.77,0.1,7.26,0.13,22.17,349.6,True,True,1,False,23.5154
dw1052p1102,NGC3379,163.081,11.0433,353.4,-14.66,0.09,8.04,0.13,21.04,556.1,True,True,1,False,22.6333
dw1040p1216,NGC3379,160.121,12.2728,339.8,-11.18,0.12,6.62,0.14,25.1,621.2,True,False,0.85,False,26.3537
dw1043p1253,NGC3379,160.902,12.8988,201.1,-9.53,0.19,6.06,0.21,25.35,283.2,True,False,0.65,False,26.298
dw1043p1207,NGC3379,160.979,12.1333,197,-11.46,0.12,6.52,0.14,23.1,500.2,False,False,0.25,False,25.6033
dw1044p1132,NGC3379,161.031,11.5344,258.6,-11.92,0.11,6.6,0.13,22.4,389.4,False,False,0.4,False,24.5996
dw1045p1315,NGC3379,161.279,13.2652,177.5,-9.71,0.17,5.8,0.19,25.68,350,True,False,0.75,False,26.5779
dw1045p1413,NGC3379,161.484,14.2274,319.2,-10.74,0.13,6.45,0.15,24.59,345.7,True,False,0.7,False,25.5211
dw1045p1332,NGC3379,161.493,13.5477,199.2,-11.03,0.12,6.41,0.14,24.48,467.5,True,False,0.65,False,25.8865
dw1046p1342,NGC3379,161.627,13.7011,217.5,-11.81,0.11,6.72,0.13,21.73,237.2,True,False,0.2,False,23.6331
dw1046p1358,NGC3379,161.682,13.9718,264.4,-9.41,0.19,5.69,0.21,24.71,205.7,True,False,0.35,False,25.7237
dw1046p1118,NGC3379,161.708,11.3037,243,-9.88,0.17,5.99,0.18,25.01,319.9,True,False,0.7,False,26.2126
dw1047p1117,NGC3379,161.785,11.2853,244.2,-11.15,0.12,6.4,0.14,25.6,659.7,True,False,0.85,False,26.5143
dw1047p1145,NGC3379,161.949,11.7622,153.1,-9.07,0.21,5.34,0.24,25.54,410.9,True,False,0.55,False,27.5663
dw1048p1121,NGC3379,162.096,11.3523,231,-10.46,0.15,6.43,0.16,25.76,570.9,True,False,0.75,False,26.8904
dw1049p1121,NGC3379,162.404,11.3512,244,-12.52,0.1,7.14,0.13,24.77,790.6,True,False,0.95,False,25.5374
dw1049p1057,NGC3379,162.417,10.9555,315.2,-9.99,0.16,5.67,0.17,24.31,239.6,False,False,0.15,False,25.475
dw1049p1146,NGC3379,162.479,11.7802,177.5,-11.69,0.11,6.81,0.13,24.61,585.2,True,False,0.9,False,25.7141
dw1050p1352,NGC3379,162.515,13.889,264.4,-11.18,0.12,6.48,0.14,26.27,876.1,True,False,0.85,False,27.1003
dw1050p1353,NGC3379,162.585,13.8961,270.8,-11.69,0.11,6.74,0.14,26.65,1156.2,True,False,0.9,False,27.1927
dw1051p1359,NGC3379,162.746,13.9927,300.1,-9.54,0.19,5.82,0.2,24.73,297.6,True,False,0.4,False,26.3957
dw1051p1101,NGC3379,162.766,11.02,327.1,-12.36,0.1,6.9,0.13,25.39,1310.5,True,False,0.95,False,26.7948
dw1051p1310,NGC3379,162.974,13.1694,215.3,-10.19,0.15,6.05,0.17,24.2,218.2,True,False,0.2,False,25.0718
dw1054p1217,NGC3379,163.721,12.2967,326.2,-12.23,0.1,6.81,0.13,22.78,377,False,False,0.35,False,24.2193
dw1104p0004,NGC3521,166.161,0.0815,61.5,-10.33,0.15,6.24,0.17,24.74,280.9,True,True,1,False,25.4803
dw1104p0003,NGC3521,166.168,0.0581,58.6,-13.99,0.09,7.66,0.13,23.06,852.8,True,True,1,False,24.2318
dw1104p0005,NGC3521,166.171,0.0936,60.5,-9.84,0.17,5.87,0.18,25.84,642.4,True,True,1,False,27.7666
dw1105p0006,NGC3521,166.422,0.1163,30.3,-14.56,0.09,7.9,0.13,25.91,3413.8,False,True,1,False,26.6738
dw1106m0126,NGC3521,166.531,-1.4476,276.5,-13.11,0.1,7.31,0.13,23.94,773.1,True,True,1,False,24.8988
dw1106m0052,NGC3521,166.608,-0.8797,167.7,-11.5,0.12,6.57,0.14,24.71,635.8,True,True,1,False,26.0842
dw1107m0038,NGC3521,166.776,-0.6338,132.9,-9.44,0.2,5.88,0.23,25.94,343.5,True,True,1,False,26.8072
dw110m0011,NGC3521,166.805,-0.1869,75,-12.92,0.1,7.19,0.13,24.72,1067,True,True,1,False,25.7884
dw1109m0016,NGC3521,167.328,-0.2771,177.6,-11.76,0.11,6.87,0.14,25.39,901.4,True,True,1,False,26.5822
dw1110p0037,NGC3521,167.623,0.6169,262,-13.71,0.09,7.64,0.13,22.64,795.6,True,True,1,False,24.361
dw1111p0049,NGC3521,167.849,0.8315,321.5,-11.71,0.11,6.7,0.14,25.88,843,True,True,1,False,26.4867
dw1104p0033,NGC3521,166.207,0.5506,124.3,-9.1,0.22,5.58,0.24,24.91,338.2,True,False,0.25,False,27.1134
dw1119p5543,NGC3556,169.952,55.7224,195.3,-13.94,0.09,7.37,0.13,21.21,433.2,False,True,1,False,22.811
dw1104p5534,NGC3556,166.166,55.5745,161.7,-9.99,0.15,5.97,0.16,24.23,252.7,True,False,0.05,False,25.5906
dw1108p5520,NGC3556,167.248,55.3412,80.9,-11.17,0.12,6.61,0.14,24.65,431,True,False,0.75,False,25.57
dw1109p5447,NGC3556,167.305,54.7856,157.5,-10.59,0.13,5.82,0.14,24.34,304.4,False,False,0.5,False,25.3948
dw1110p5429,NGC3556,167.647,54.4973,197.1,-9.67,0.16,5.74,0.18,24.86,234.1,False,False,0.55,False,25.7446
dw1111p5631,NGC3556,167.947,56.532,143.4,-11.42,0.11,6.61,0.14,24.28,664.8,True,False,0.65,False,26.261
dw1111p5547,NGC3556,167.986,55.7993,23.5,-10.27,0.14,6.23,0.15,24.24,233.6,True,False,0.3,False,25.1399
dw1113p5529,NGC3556,168.28,55.4926,48.6,-9.41,0.17,5.31,0.18,25.48,328.9,False,False,0.65,False,26.7429
dw1113p5541,NGC3556,168.293,55.6886,39.4,-10.06,0.15,6.02,0.16,25.23,428.3,True,False,0.65,False,26.6663
dw1113p5644,NGC3556,168.4,56.7355,183.7,-9.85,0.15,5.58,0.17,24.57,227.6,False,False,0.3,False,25.5034
dw1116p5551,NGC3556,169.032,55.8617,112.9,-9.03,0.2,5.6,0.22,25.51,284.7,True,False,0.5,False,26.8095
dw1116p5537,NGC3556,169.172,55.6168,122.3,-11.28,0.12,6.65,0.14,22.23,229.6,True,False,0.05,False,24.0924
dw1122p5515,NGC3556,170.742,55.262,279.4,-10.39,0.14,6.25,0.15,24.47,283.2,True,False,0.45,False,25.438
dw1123p5602,NGC3556,170.832,56.0487,283.7,-10.42,0.13,5.93,0.15,24.01,236.9,False,False,0.35,False,25.0204
NGC3593,NGC3627,168.654,12.8178,253.6,-19.47,0.09,10.43,0.13,16.07,2864.4,False,True,1,False,21.3827
dw1114p1238,NGC3627,168.688,12.6477,253.6,-13.13,0.1,7.01,0.13,21.78,367,False,True,1,False,23.2609
dw1117p1305,NGC3627,169.254,13.0993,145.6,-14.84,0.09,7.91,0.13,21.77,724.6,False,True,1,False,23.0281
dw1118p1233,NGC3627,169.676,12.5614,104.8,-13.38,0.09,7.48,0.13,22.5,521,True,True,1,False,23.7718
dw1118p1348,NGC3627,169.723,13.8054,160.9,-11.52,0.11,6.57,0.14,25.58,654.2,True,True,1,False,26.1261
NGC3623,NGC3627,169.733,13.0924,61.6,-20.9,,10.69,,,,False,True,1,False,
dw1119p1419,NGC3627,169.803,14.3272,249.1,-14,0.09,7.59,0.13,23.79,1257.1,False,True,1,False,25.0644
dw1119p1157,NGC3627,169.81,11.9524,195.7,-14.04,0.09,7.26,0.13,22.58,937.5,False,True,1,False,24.3874
dw1119p1417,NGC3627,169.816,14.2901,242,-13.26,0.09,7.26,0.13,21.26,365.4,False,True,1,False,23.1214
dw1119p1404,NGC3627,169.84,14.0755,202.6,-13.95,0.09,7.72,0.13,23.21,953.1,True,True,1,False,24.5133
dw1120p1332,NGC3627,170.067,13.5488,102.1,-12.49,0.1,7.02,0.13,23.78,667,True,True,1,False,25.1982
NGC3628,NGC3627,170.071,13.5897,109.6,-20.7,,10.64,,,,False,True,1,False,
dw1120p1337,NGC3627,170.255,13.6072,117.9,-16.06,0.09,8.77,0.13,24.69,13337.2,True,True,1,False,28.1329
dw1121p1326,NGC3627,170.404,13.4471,103.3,-11.05,0.13,6.63,0.14,24.94,502.2,True,True,1,False,26.022
dw1122p1258,NGC3627,170.6,12.9795,96.1,-13.87,0.09,7.56,0.13,21.55,421.1,True,True,1,False,22.8195
IC2782,NGC3627,170.731,13.4413,145,-15.82,0.09,8.47,0.13,21.21,915.7,True,True,1,False,22.5563
dw1123p1342,NGC3627,170.806,13.7141,187.4,-12.6,0.1,6.36,0.13,25.91,1557.2,False,True,1,False,26.9293
IC2787,NGC3627,170.83,13.6298,180,-15.45,0.09,8.18,0.13,20.14,1004.2,False,True,1,False,23.1267
IC2791,NGC3627,170.907,12.896,151.8,-13.61,0.09,7.27,0.13,21.16,538.9,False,True,1,False,23.6151
dw1124p1240,NGC3627,171.144,12.6743,201.9,-12.14,0.1,6.79,0.13,25.93,957.7,False,True,1,False,26.3337
dw1114p1307,NGC3627,168.713,13.1316,242.3,-10.65,0.13,6.17,0.15,26.37,658.9,True,False,0.65,False,27.0117
dw1116p1356,NGC3627,169.032,13.9412,253,-10.36,0.15,6.2,0.16,24.87,409.2,True,False,0.55,False,26.2673
dw1116p1324,NGC3627,169.097,13.4101,188.5,-10.68,0.14,6.71,0.15,26.69,2175.7,True,False,0.55,False,29.5756
dw1117p1250,NGC3627,169.435,12.8369,115.6,-10.13,0.15,5.97,0.17,25.6,708.3,True,False,0.75,False,27.6887
dw1118p1330,NGC3627,169.566,13.5139,130.4,-10.22,0.15,6.18,0.16,25.84,392.1,True,False,0.65,False,26.3146
dw1119p1210,NGC3627,169.9,12.177,152.1,-9.27,0.2,5.83,0.22,24.88,243.9,True,False,0.35,False,26.2336
dw1120p1223,NGC3627,170.221,12.3918,113.5,-10.46,0.14,6.15,0.15,24.55,335.4,True,False,0.45,False,25.7354
dw1121p1129,NGC3627,170.265,11.487,278.2,-9.65,0.18,5.89,0.19,24.53,348.7,True,False,0.3,False,26.6298
dw1121p1411,NGC3627,170.372,14.1967,227.7,-10.83,0.13,6.5,0.15,26.06,682.5,True,False,0.8,False,26.9081
dw1123p1346,NGC3627,170.985,13.7781,218.8,-10.75,0.13,6.43,0.15,24.87,413.5,True,False,0.7,False,25.9
dw1125p1316,NGC3627,171.479,13.269,258,-13.56,0.09,7.52,0.13,20.14,311.2,True,False,0.5,False,22.4728
dw1126p1246,NGC3627,171.589,12.7713,275.8,-9.78,0.17,5.89,0.18,25.12,300.6,True,False,0.7,False,26.1775
NGC4248,NGC4258,184.459,47.4092,27.3,-16.89,0.02,8.73,0.1,20.22,1877.2,False,True,1,False,23.0451
LVJ1218+4655,NGC4258,184.547,46.9172,51.3,-12.92,0.02,6.71,0.1,21.85,562.2,False,True,1,False,24.397
dw1219p4743,NGC4258,184.776,47.7302,53.7,-11.35,0.16,6.36,0.13,24.43,484.4,True,True,1,False,25.6436
UGC7356,NGC4258,184.787,47.0899,27.2,-14.31,0.1,7.73,0.12,23.08,887.9,True,True,1,False,23.9994
dw1220p4729,NGC4258,185.126,47.4906,40.4,-9.03,0.35,5.25,0.17,26.9,429.9,True,True,1,False,27.7044
dw1220p4649,NGC4258,185.229,46.8302,72.8,-10.66,0.14,6.23,0.14,25.21,422.2,True,True,1,False,26.0352
dw1223p4739,NGC4258,185.942,47.6589,111.5,-11.42,0.09,6.46,0.13,24.88,555.8,True,True,1,False,25.8722
dw1223p4644,NGC4258,185.954,46.7495,125.2,-9.01,0.17,5.54,0.18,24.46,118.6,True,False,0.15,False,24.928
dw1227p0136,NGC4517,186.944,1.5998,282.2,-13.94,0.09,6.96,0.13,23.52,1578.4,False,True,1,False,25.6187
dw1231p0140,NGC4517,187.766,1.6758,235.5,-14.28,0.09,7.48,0.13,21.88,496.4,False,True,1,False,22.7667
dw1232p0015,NGC4517,188.15,0.2625,22.2,-12.43,0.1,7.09,0.13,22.15,278.5,True,True,1,False,23.3617
dw1236m0025,NGC4517,189.175,-0.4305,164,-11.06,0.11,5.98,0.13,23.77,400.9,False,True,1,False,25.5228
dw1238p0028,NGC4517,189.559,0.4771,206.1,-10.21,0.13,6.11,0.15,26.12,457.7,True,True,1,False,26.6605
dw1238m0035,NGC4517,189.705,-0.5978,243.8,-10.67,0.12,6.21,0.14,23.71,244,True,True,1,False,24.8345
dw1238m0105,NGC4517,189.709,-1.0868,282,-9.44,0.16,5.68,0.18,24.3,203.3,True,True,1,False,25.6683
dw1239m0039,NGC4517,189.761,-0.6644,255.3,-12.91,0.09,6.88,0.13,24.23,832.2,False,True,1,False,25.2587
NGC4592,NGC4517,189.827,-0.5318,256.3,-17.79,0.09,8.94,0.13,20.05,2030.4,False,True,1,False,22.3155
dw1234p2531,NGC4565,188.601,25.5221,132.7,-13.97,0.03,7.64,0.12,23.33,1074.2,True,True,1,False,24.753
NGC4562,NGC4565,188.895,25.8503,45.8,-17.13,0.01,8.79,0.1,21.05,2004.3,False,True,1,False,22.9474
IC3571,NGC4565,189.083,26.0843,20.1,-13.89,0.01,7.03,0.1,22.42,506.5,False,True,1,False,23.2005
dw1237p2602,NGC4565,189.255,26.036,33,-12.56,0.06,6.86,0.1,22.22,457.8,False,True,1,False,24.311
dw1234p2618,NGC4565,188.74,26.3141,93.7,-10.32,0.06,5.85,0.11,24.11,262.3,False,False,0.3,False,25.3416
dw1235p2616,NGC4565,188.843,26.2706,74.3,-10.14,0.13,6.08,0.13,22.77,249.8,True,False,0.05,False,25.4155
dw1236p2634,NGC4565,189.244,26.5786,126.2,-9.77,0.19,5.9,0.2,24.25,369.6,True,False,0.1,False,26.6362
dw1237p2605,NGC4565,189.362,26.0855,55.2,-10.79,0.31,6.18,0.21,26.38,730.2,True,False,0.7,False,27.0948
dw1237p2637,NGC4565,189.428,26.6243,146.7,-10.5,0.09,6.26,0.15,23.78,301.9,True,False,0.25,False,25.4669
dw1237m1125,M104,189.298,-11.4332,118.5,-11.87,0.11,6.77,0.12,23.35,350.1,True,True,1,False,24.4185
dw1239m1159,M104,189.788,-11.9867,69.6,-10.94,0.22,6.08,0.13,25.39,561.5,True,True,1,False,26.3743
dw1239m1143,M104,189.814,-11.7189,34,-13.74,0.03,7.57,0.12,22.55,606.1,True,True,1,False,23.7403
dw1239m1113,M104,189.887,-11.2268,68.5,-11.92,0.26,6.88,0.12,25.31,683.7,True,True,1,False,25.8219
dw1239m1120,M104,189.964,-11.3413,47.3,-10.65,0.1,6.07,0.13,24.74,313.3,True,True,1,False,25.3974
dw1239m1144,M104,189.979,-11.746,20.7,-12.85,0.3,7.06,0.12,24.74,1042.8,True,True,1,False,25.8086
dw1240m1118,M104,190.039,-11.3139,52,-14.26,0.03,7.8,0.12,22.09,660.5,True,True,1,False,23.4069
dw1240m1140,M104,190.073,-11.6793,15.5,-11.89,0.38,6.92,0.12,24.54,1433.7,True,True,1,False,27.4599
dw1241m1131,M104,190.262,-11.5288,45.9,-10.34,0.18,6.03,0.13,24.56,344.3,True,True,1,False,25.9123
dw1241m1153,M104,190.3,-11.8916,66.6,-11.85,0.19,6.71,0.12,25.46,719,True,True,1,False,26.0012
dw1241m1155,M104,190.328,-11.9254,73.8,-12.7,0.11,7.13,0.12,24.83,756.3,True,True,1,False,25.261
dw1238m1122,M104,189.64,-11.3681,72.2,-12.65,0.1,7.17,0.12,23.42,651.7,False,False,0.65,False,24.9878
dw1238m1102,M104,189.743,-11.036,106.3,-9.33,0.26,5.49,0.25,25.52,228.3,True,False,0.65,False,26.0301
dw1242m1116,M104,190.683,-11.2739,126.1,-12.19,0.22,6.67,0.17,24.45,1299.5,True,False,0.95,False,26.9465
dw1242m1129,M104,190.707,-11.4893,117.9,-9.02,0.24,5.58,0.22,24.79,153,True,False,0.2,False,25.471
dw1236p3336,NGC4631,189.206,33.6131,199.5,-12.82,0.09,6.74,0.13,21.96,423.5,False,True,1,False,23.8818
dw1239p3230,NGC4631,189.771,32.5046,83.1,-11.26,0.1,6.23,0.13,23.07,802.1,False,True,1,False,26.8287
dw1239p3251,NGC4631,189.832,32.8608,86.7,-9.39,0.26,5.78,0.17,25.95,450.4,True,True,1,False,27.4456
dw1240p3216,NGC4631,190.221,32.2822,47.8,-10.65,0.1,6.25,0.14,24.25,312.8,True,True,1,False,25.3939
dw1240p3247,NGC4631,190.244,32.7904,45,-13.39,0.67,7.53,0.13,25.86,2258.5,True,True,1,False,26.9467
dw1241p3251,NGC4631,190.446,32.8577,41.9,-13.72,0.05,6.92,0.11,22.27,651.8,False,True,1,False,23.9181
NGC4627,NGC4631,190.499,32.574,5.6,-16.7,0.03,8.45,0.11,19.82,948.2,False,True,1,False,21.7521
dw1242p3237,NGC4631,190.525,32.6219,10.4,-10.37,0.47,5.84,0.37,27.03,621.5,True,True,1,False,27.1648
dw1242p3158,NGC4631,190.631,31.9692,74.7,-10.43,0.1,6.15,0.14,24.17,251.3,True,True,1,False,25.1385
dw1243p3228,NGC4631,190.853,32.4821,35.7,-12.86,0.03,7.06,0.13,23.25,574.7,True,True,1,False,24.5048
NGC4656,NGC4631,190.99,32.1681,69.4,-18.9,,8.46,,,,False,True,1,False,
dw1248p3158,NGC4631,192.219,31.9702,198.4,-12.47,0.09,6.88,0.13,23.92,572,True,True,1,False,24.8846
dw1247p3313,NGC4631,191.908,33.2331,173.9,-9.39,0.15,5.72,0.16,24.64,236.5,True,False,0.3,False,26.0467
dw1231p4205,NGC4736,187.787,42.0942,280.1,-10.7,0.1,5.95,0.13,22.68,163.6,False,True,1,False,23.9365
IC3687,NGC4736,190.563,38.5034,227.3,-15,0.09,7.66,0.13,21.97,1097.3,False,True,1,False,23.7692
dw1243p4127,NGC4736,190.98,41.4575,99.1,-12,0.09,6.59,0.13,23.4,537.5,False,True,1,False,25.2195
dw1243p4339,NGC4736,190.99,43.6618,208.7,-11.38,0.09,6.36,0.13,23.23,292.9,False,True,1,False,24.5212
dw1249p4421,NGC4736,192.38,44.3595,238.4,-11.36,0.09,6.14,0.13,21.81,168.4,False,True,1,False,23.3393
dw1251p4138,NGC4736,192.77,41.6353,37.9,-9.95,0.11,5.95,0.13,24.63,439.5,True,True,1,False,26.8324
dw1255p4035,NGC4736,193.762,40.5902,69.6,-9.73,0.11,6.19,0.14,26.22,519.8,True,True,1,False,27.4168
dw1234p3952,NGC4736,188.593,39.8785,247.7,-10,0.11,6.13,0.13,24.05,208.5,True,False,0.15,False,25.1631
dw1241p4103,NGC4736,190.254,41.053,136.5,-9.56,0.11,5.87,0.14,22.63,148.8,True,False,0,False,24.8706
dw1242p4115,NGC4736,190.547,41.2525,120.4,-10.2,0.1,6.18,0.13,24.81,258.9,True,False,0.6,False,25.4332
dw1303p4222,NGC4736,195.81,42.3733,192.4,-10.45,0.1,5.97,0.13,22.93,246.7,False,False,0.05,False,25.0784
dw1305p4206,NGC4736,196.499,42.1062,219.5,-9.91,0.11,5.76,0.13,23.23,282.4,False,False,0.05,False,25.9119
dw1308p4054,NGC4736,197.191,40.901,248,-10.53,0.1,6.35,0.13,23.91,327.2,True,False,0.4,False,25.6116
dw1311p4051,NGC4736,197.922,40.863,288.8,-10.08,0.1,5.61,0.13,23.4,148.2,False,False,0.05,False,24.3418
UGC7929,NGC4826,191.337,21.4271,246.1,-12.95,0.09,7.1,0.13,22.51,696.4,False,True,1,False,24.8319
IC3840,NGC4826,192.942,21.7349,106.7,-12.87,0.09,6.68,0.13,22.63,480.8,False,True,1,False,24.1074
dw1252p2215,NGC4826,193.024,22.2654,113.1,-9.07,0.14,5.68,0.15,25.61,233.7,True,True,1,False,26.3409
dw1255p1912,NGC4826,193.921,19.2096,230,-12.66,0.09,6.41,0.13,24.45,884.7,False,True,1,False,25.6416
dw1258p2329,NGC4826,194.714,23.4899,173.3,-9.75,0.12,5.83,0.14,24.77,564,True,True,1,False,27.574
dw1300p1843,NGC4826,195.13,18.7177,286.6,-11.1,0.1,6.62,0.13,26.04,704.4,True,True,1,False,26.7067
IC4107,NGC4826,195.674,21.9979,131.4,-12.66,0.09,7.1,0.13,23.42,456.5,True,True,1,False,24.2048
dw1245p2309,NGC4826,191.259,23.1657,285.4,-9.25,0.13,5.9,0.15,23.46,156.1,True,False,0.1,False,25.2846
dw1251p2324,NGC4826,192.868,23.4009,194.7,-9.73,0.12,5.74,0.14,23.86,132.5,False,False,0.05,False,24.4487
dw1310p4153,NGC5055,197.674,41.8908,149,-10.95,0.12,6.48,0.14,25.42,593.9,True,True,1,False,26.4861
dw1312p4158,NGC5055,198.077,41.9755,101.3,-10.43,0.13,6.22,0.15,26.25,545.4,True,True,1,False,26.8212
dw1312p4032,NGC5055,198.216,40.5432,245.7,-15.47,0.09,7.92,0.12,20.06,484.6,False,True,1,False,21.5245
UGCA337,NGC5055,198.244,41.7864,90.1,-14.85,0.09,8.09,0.13,22.67,1132.7,True,True,1,False,23.9881
dw1313p4202,NGC5055,198.416,42.0431,62,-12.06,0.1,6.87,0.13,24.7,622.3,True,True,1,False,25.4776
UGC8313,NGC5055,198.475,42.2092,61.7,-15.88,0.09,8.28,0.13,20.77,1340,False,True,1,False,23.3231
dw1315p4123,NGC5055,198.816,41.3967,99.3,-9.32,0.18,5.74,0.19,26.19,339.7,True,True,1,False,26.9031
dw1315p4130,NGC5055,198.874,41.5022,82.1,-12.36,0.1,6.93,0.13,24.73,864,True,True,1,False,25.8901
dw1321p4226,NGC5055,200.371,42.4334,173.9,-9.95,0.15,6.06,0.16,23.79,202.5,True,True,1,False,25.1497
dw1305p4206-n2,NGC5055,196.499,42.1062,282.6,-11.54,0.11,6.41,0.13,23.23,596.5,False,False,0.35,False,25.9056
dw1308p4054-n2,NGC5055,197.191,40.901,269.1,-12.14,0.1,7,0.13,23.92,682.4,True,False,0.65,False,25.5978
dw1311p4051-n2,NGC5055,197.922,40.8631,216.8,-11.7,0.1,6.27,0.13,23.39,312.6,False,False,0.35,False,24.3425
dw1315p4304,NGC5055,198.752,43.0849,165.1,-11.28,0.12,7.08,0.14,26.73,1579.9,True,False,0.8,False,28.2807
dw1323p4058,NGC5055,200.935,40.9728,281.9,-9.49,0.16,5.52,0.17,24.56,189.2,True,False,0.25,False,25.4622
KK189,CENA,198.188,-41.8319,168,-11.36,0.09,6.82,0.13,23.44,281.6,True,True,1,False,24.4557
ESO269-066,CENA,198.287,-44.89,185.4,-14.39,0.09,8,0.13,22.55,749,True,True,1,False,23.55
NGC5011C,CENA,198.296,-43.2656,144,-14.49,0.09,7.83,0.13,21.12,450.7,True,True,1,False,22.347
KK196,CENA,200.446,-45.0633,137.3,-12.77,0.09,6.98,0.13,22.89,283.9,False,True,1,False,23.0634
KK197,CENA,200.504,-42.5356,50.8,-13.44,0.09,7.96,0.13,23.73,932.6,True,True,1,False,24.9761
KKS55,CENA,200.55,-42.7308,42.4,-12.23,0.09,7.14,0.13,24.83,579,True,True,1,False,25.151
CENA-MM-DW4,CENA,200.758,-41.7861,83.8,-9.72,0.11,6.2,0.13,25.38,306.9,True,True,1,False,26.2826
dw1323-40b,CENA,201,-40.8367,140.6,-9.65,0.11,6.01,0.13,25.54,432.2,True,True,1,False,27.096
dw1323-40,CENA,201.242,-40.7622,144.4,-10,0.1,6.23,0.13,25.32,277.8,True,True,1,False,25.7862
CENA-MM-DW6,CENA,201.488,-41.0942,123.1,-9.1,0.2,5.61,0.22,25.4,276.8,True,True,1,False,26.6784
CENA-MM-DW7,CENA,201.617,-43.5567,36.3,-9.9,0.3,5.96,0.22,25.9,532.3,True,True,1,False,27.2984
ESO324-024,CENA,201.904,-41.4806,101.6,-15.5,,8.05,,,,False,True,1,False,
KK203,CENA,201.867,-45.3525,150.9,-10.5,,6.25,,,,False,True,1,False,
dw1329-45,CENA,202.312,-45.1767,144.6,-9.46,0.11,5.43,0.13,25.68,175.7,True,True,1,False,25.3314
CENA-MM-DW1,CENA,202.558,-41.8933,91.3,-12.34,0.09,7.36,0.13,25.42,845.9,True,True,1,False,25.8642
CENA-MM-DW3,CENA,202.588,-42.1925,78.1,-13.1,0.09,7.34,0.22,26,2352.9,True,True,1,False,27.3256
CENA-MM-DW9,CENA,203.254,-42.53,94,-9.37,0.11,5.34,0.13,26.36,385,True,True,1,False,27.1249
CENA-MM-DW8,CENA,203.392,-41.6078,131.6,-10.79,0.1,6.58,0.13,26.18,615.3,True,True,1,False,26.723
dw1336-44,CENA,204.203,-43.8578,142.2,-9.54,0.1,5.97,0.13,25.29,143.2,True,True,1,False,24.8073
NGC5237,CENA,204.413,-42.8469,143,-15.3,,8.13,,,,False,True,1,False,
KKS57,CENA,205.408,-42.5819,191.7,-10.64,0.09,5.44,0.13,24.38,212.9,True,True,1,False,24.5685
dw1341-43,CENA,205.403,-43.8554,194.9,-10.8,0.09,6.1,0.13,25.78,358.4,True,True,1,False,25.5394
dw1328p4703,NGC5194,202.103,47.0651,42.1,-9.61,0.11,5.94,0.13,25.26,296.4,True,True,1,False,26.317
NGC5195,NGC5194,202.498,47.2661,11,-20.2,,10.4,,,,False,True,1,False,
dw1330p4731,NGC5194,202.641,47.5257,52.5,-9.34,0.16,5.52,0.22,26.76,487.4,True,True,1,False,27.667
dw1335-29,NGC5236,203.942,-29.7067,25.8,-9.94,0.11,5.88,0.13,26.33,566.3,True,True,1,False,27.3928
dw1340-30,NGC5236,205.079,-30.3597,71.2,-9.64,0.12,6.21,0.13,26.22,335.7,True,True,1,False,26.5573
KK200,NGC5236,201.15,-30.9717,237.8,-12.95,0.09,6.98,0.13,22.5,371.7,False,True,1,False,23.4685
IC4247,NGC5236,201.688,-30.3625,186.7,-14.49,0.09,7.4,0.13,20.28,488,False,True,1,False,22.5197
ESO444-84,NGC5236,204.333,-28.0442,149.6,-13.77,0.09,7.05,0.13,22.72,542.4,False,True,1,False,23.4692
IC4316,NGC5236,205.075,-28.8947,98.9,-14.92,0.09,7.83,0.13,20.57,907.8,False,True,1,False,23.4375
ESO444-78,NGC5236,204.129,-29.2342,52.6,-13.48,0.09,7.18,0.13,22.39,606,False,True,1,False,23.9999
KK208,NGC5236,204.15,-29.5708,25.3,-13.53,0.09,7.5,0.13,26.21,4074.5,True,True,1,False,28.0879
NGC5264,NGC5236,205.404,-29.9131,81.9,-16.36,0.09,8.46,0.13,20.75,1051,False,True,1,False,22.3156
KK218,NGC5236,206.667,-29.9781,171.8,-10.93,0.1,6.76,0.13,24.49,328.1,True,True,1,False,25.2176
HIJ1337-33,NGC5236,204.254,-33.3631,287.2,-11.02,0.1,5.76,0.13,21.84,119.4,False,True,1,False,22.9326
dw1350p5441,NGC5457,207.743,54.6892,205.1,-12.12,0.1,6.75,0.13,25.48,719.3,True,True,1,False,25.7321
UGC8837,NGC5457,208.689,53.9043,149.3,-16.04,0.09,8.27,0.12,22.16,2467,False,True,1,False,24.4884
UGC8882,NGC5457,209.311,54.1008,102.8,-14.39,0.09,7.75,0.12,22.09,531.5,True,True,1,False,22.8051
dw1403p5337,NGC5457,210.773,53.6147,83.3,-11.07,0.1,6.05,0.12,26.16,855.3,True,True,1,False,27.1582
dw1403p5356,NGC5457,210.937,53.9437,46.8,-10.45,0.11,6.26,0.12,24.95,430.5,True,True,1,False,26.2874
NGC5474,NGC5457,211.256,53.6617,83.6,-18.17,0.09,9.26,0.13,18.67,2930.2,False,True,1,False,22.7321
NGC5477,NGC5457,211.386,54.4608,40.6,-15.37,0.09,7.82,0.13,21.7,868.4,False,True,1,False,22.8912
dw1406p5344,NGC5457,211.708,53.7413,91.6,-10,0.12,6.05,0.13,25.12,282.2,True,True,1,False,25.8204
dw1408p5419,NGC5457,212.156,54.3254,89.6,-9.86,0.12,5.6,0.13,25.54,317.2,True,True,1,False,26.2142
dw1905m6316,NGC6744,286.483,-63.2721,113.2,-11.72,0.11,6.7,0.12,24.12,411.4,True,True,1,False,24.9189
dw1906m6357,NGC6744,286.741,-63.9636,50.9,-13.61,0.09,7.46,0.12,23.13,755.1,True,True,1,False,24.3476
dw1907m6342,NGC6744,286.844,-63.7064,47.6,-12.12,0.1,6.71,0.12,22.89,346.7,True,True,1,False,24.1473
dw1908m6343,NGC6744,287.183,-63.7301,26.7,-15.34,0.09,7.68,0.12,22.48,1726.2,False,True,1,False,24.413
dw1911m6413,NGC6744,287.844,-64.2226,63.3,-15.53,0.09,7.9,0.12,23.34,1556.4,False,True,1,False,23.9982
dw1859m6402,NGC6744,284.861,-64.0396,179.4,-10.34,0.13,6.05,0.13,24.67,285.4,True,False,0.45,False,25.5048
dw1901m6315,NGC6744,285.373,-63.2594,171.6,-11.99,0.1,6.53,0.12,25.37,778.2,True,False,0.95,False,26.033
dw1903m6449,NGC6744,285.843,-64.8277,186.2,-10.6,0.13,6.24,0.13,24.04,308.9,True,False,0.45,False,25.4167
dw1903m6405,NGC6744,285.915,-64.0985,111.2,-9.57,0.16,5.59,0.15,25.29,240.1,True,False,0.65,False,25.8995
dw1909m6341,NGC6744,287.285,-63.6853,29,-12.04,0.1,6.52,0.12,23.64,358.7,True,False,0.5,False,24.3012
dw1912m6432,NGC6744,288.095,-64.5419,115.8,-10.32,0.13,5.99,0.13,24.34,255,True,False,0.4,False,25.2803
LMC,MW,80.8917,-69.7561,49.1,-18.12,0.1,9.2,0.22,,,False,True,1,True,
SMC,MW,13.1833,-72.8286,57.8,-16.83,0.2,8.64,0.22,,,False,True,1,True,
SGR,MW,283.829,-30.5453,18.7,-13.5,0.3,7.52,0.22,25.2,2616.7,True,True,1,True,27.1563
FORNAX,MW,39.9958,-34.4492,141.4,-13.46,0.14,7.5,0.22,23.59,788,True,True,1,True,24.5902
LEO1,MW,152.117,12.3064,272.7,-11.78,0.28,6.78,0.22,22.61,243.4,True,True,1,True,23.7192
SCULP,MW,15.0375,-33.7092,84.9,-10.82,0.14,6.36,0.22,23.29,308.1,True,True,1,True,25.191
LEO2,MW,168.367,22.1517,227.2,-9.74,0.04,5.89,0.22,24.24,168.3,True,True,1,True,24.958
SEXTANS,MW,153.262,-1.6147,89,-9.27,0.5,5.69,0.22,27.1,694.7,True,True,1,True,28.5066
UMI,MW,227.283,67.2225,77.8,-9.03,0.05,5.58,0.22,25.77,382.2,True,True,1,True,27.449
CARINA,MW,100.4,-50.9661,105.7,-9.43,0.05,5.76,0.22,25.35,349.8,True,True,1,True,26.8567
